step,elapsed_tokens,elapsed_examples,training_loss,training_sequence_accuracy,training_token_accuracy,validation_loss,validation_sequence_accuracy,validation_token_accuracy
1,41,1,1.4006573198735717,0,0.29411764705882354,1.1983125798404217,0,0.29411764705882354
2,90,2,1.2988461520789616,0,0.23529411764705882,-1,-1,-1
3,139,3,1.451641686245178,0,0.18181818181818182,-1,-1,-1
4,188,4,1.3333984648187953,0,0.23809523809523808,-1,-1,-1
5,237,5,1.1601599826943128,0,0.35,-1,-1,-1
6,286,6,1.291081300502022,0,0.25,-1,-1,-1
7,335,7,1.3374899054567018,0,0.3157894736842105,-1,-1,-1
8,384,8,1.4348174153516688,0,0,-1,-1,-1
9,425,9,1.47638297110796,0,0.21052631578947367,0.9371883356167624,0,0.4117647058823529
10,466,10,1.5694313448667527,0,0.1111111111111111,-1,-1,-1
11,515,11,1.4810340782006581,0,0.3333333333333333,-1,-1,-1
12,564,12,1.1119269491483768,0,0.2631578947368421,-1,-1,-1
13,613,13,1.30858969281738,0,0.2,-1,-1,-1
14,654,14,1.2576480408012867,0,0.23529411764705882,-1,-1,-1
15,703,15,1.2226175861588369,0,0.3333333333333333,-1,-1,-1
16,752,16,1.3939616904458187,0,0.25,-1,-1,-1
17,801,17,1.1298962519213092,0,0.35294117647058826,1.014938830770552,0,0.5454545454545454
18,850,18,1.4261716951926549,0,0.2631578947368421,-1,-1,-1
19,891,19,1.3951360453665256,0,0.35294117647058826,-1,-1,-1
20,940,20,1.2509436310579378,0,0.21052631578947367,-1,-1,-1
21,989,21,1.692300674738362,0,0.1111111111111111,-1,-1,-1
22,1030,22,1.5994095729291438,0,0.21052631578947367,-1,-1,-1
23,1071,23,1.7581495535373688,0,0.058823529411764705,-1,-1,-1
24,1120,24,1.3568470550080138,0,0.10526315789473684,-1,-1,-1
25,1161,25,1.1348224790394308,0,0.42105263157894735,0.9569171867643793,0,0.5714285714285714
26,1210,26,1.5273421859950758,0,0.13636363636363635,-1,-1,-1
27,1259,27,1.4396002524221938,0,0.2,-1,-1,-1
28,1308,28,1.4458620791633925,0,0.2,-1,-1,-1
29,1357,29,1.3352593370402852,0,0.4,-1,-1,-1
30,1406,30,1.3215208445986113,0,0.25,-1,-1,-1
31,1447,31,1.4832545843720437,0,0.1875,-1,-1,-1
32,1496,32,1.2373605774715541,0,0.11764705882352941,-1,-1,-1
33,1537,33,1.70064810115844,0,0.16666666666666666,0.8530864695552737,0,0.55
34,1578,34,1.4295738926529884,0,0.3157894736842105,-1,-1,-1
35,1627,35,1.1865066415319838,0,0.3333333333333333,-1,-1,-1
36,1668,36,1.4203356048464775,0,0.2,-1,-1,-1
37,1717,37,1.3657342394193013,0,0.23809523809523808,-1,-1,-1
38,1766,38,1.3515251542131106,0,0.19047619047619047,-1,-1,-1
39,1815,39,1.213510229314367,0,0.2631578947368421,-1,-1,-1
40,1856,40,1.089538937956095,0,0.4117647058823529,-1,-1,-1
41,1905,41,1.137288277472059,0,0.3157894736842105,1.0788063921034334,0,0.4
42,1954,42,1.1395639062859118,0,0.2777777777777778,-1,-1,-1
43,2003,43,1.0774306590358416,0,0.2777777777777778,-1,-1,-1
44,2052,44,1.3517548928037286,0,0.45,-1,-1,-1
45,2093,45,1.5834768879786134,0,0.2777777777777778,-1,-1,-1
46,2134,46,1.5829969169944524,0,0.1111111111111111,-1,-1,-1
47,2175,47,1.5601116283237935,0,0.2777777777777778,-1,-1,-1
48,2224,48,1.3403637709096072,0,0.2,-1,-1,-1
49,2273,49,1.4528814412343003,0,0.2631578947368421,1.0246819435308376,0,0.5263157894736842
50,2322,50,1.6523201579848925,0,0.21052631578947367,-1,-1,-1
51,2371,51,1.4086572796106336,0,0.2222222222222222,-1,-1,-1
52,2412,52,1.3219359791814351,0,0.2777777777777778,-1,-1,-1
53,2461,53,1.2720840496321517,0,0.2857142857142857,-1,-1,-1
54,2510,54,0.8780201442850132,0,0.5,-1,-1,-1
55,2559,55,1.3122580117856462,0,0.2,-1,-1,-1
56,2608,56,1.2770487242843955,0,0.3181818181818182,-1,-1,-1
57,2657,57,1.243517260098209,0,0.3157894736842105,1.0345361453791457,0,0.06666666666666667
58,2706,58,1.2745896769066651,0,0.21052631578947367,-1,-1,-1
59,2755,59,1.310264813962082,0,0.45,-1,-1,-1
60,2804,60,1.1853253069294927,0,0.3,-1,-1,-1
61,2853,61,1.419925017406543,0,0.3181818181818182,-1,-1,-1
62,2894,62,1.485247421558015,0,0.2222222222222222,-1,-1,-1
63,2943,63,1.1189579904127944,0,0.4782608695652174,-1,-1,-1
64,2992,64,1.2599800426512957,0,0.2631578947368421,-1,-1,-1
65,3041,65,1.104606765291343,0,0.3157894736842105,0.865743824094534,0,0.6842105263157895
66,3090,66,1.240370212184886,0,0.25,-1,-1,-1
67,3131,67,1.3867312651872634,0,0.17647058823529413,-1,-1,-1
68,3172,68,1.3457139795273543,0,0.1111111111111111,-1,-1,-1
69,3221,69,1.2244872855022548,0,0.2631578947368421,-1,-1,-1
70,3262,70,1.3004718359932306,0,0.1875,-1,-1,-1
71,3311,71,1.2208350397646428,0,0.36363636363636365,-1,-1,-1
72,3352,72,1.6296420776844025,0,0.25,-1,-1,-1
73,3401,73,1.1793604977428913,0,0.2631578947368421,1.0279752904176713,0,0.5555555555555556
74,3450,74,1.330568870032827,0,0.25,-1,-1,-1
75,3499,75,1.296823882125318,0,0.3333333333333333,-1,-1,-1
76,3548,76,1.1978957145164408,0,0.3333333333333333,-1,-1,-1
77,3589,77,1.298262521363795,0,0.1875,-1,-1,-1
78,3630,78,1.2208575705438856,0,0.2,-1,-1,-1
79,3671,79,1.334700882106554,0,0.23529411764705882,-1,-1,-1
80,3720,80,1.1313921965658666,0,0.3333333333333333,-1,-1,-1
81,3769,81,1.404345211945474,0,0.36363636363636365,1.1027269344854478,0,0.6666666666666666
82,3818,82,1.460220720564636,0,0.05263157894736842,-1,-1,-1
83,3867,83,1.0398245663692554,0,0.3157894736842105,-1,-1,-1
84,3916,84,1.2387278503583121,0,0.3,-1,-1,-1
85,3957,85,1.2693078297376634,0,0.2,-1,-1,-1
86,4006,86,1.2660683915019035,0,0.34782608695652173,-1,-1,-1
87,4055,87,1.2024460296767452,0,0.10526315789473684,-1,-1,-1
88,4104,88,0.9830618634276713,0,0.3888888888888889,-1,-1,-1
89,4145,89,1.5551902344822885,0,0.15789473684210525,0.9631589950993658,0,0.3684210526315789
90,4194,90,0.9608940627891571,0,0.4444444444444444,-1,-1,-1
91,4243,91,1.2665719219483436,0,0.23809523809523808,-1,-1,-1
92,4292,92,1.318162484715382,0,0.3,-1,-1,-1
93,4341,93,1.1698987340700113,0,0.2777777777777778,-1,-1,-1
94,4382,94,1.3714353505522014,0,0.17647058823529413,-1,-1,-1
95,4423,95,1.3306789296120405,0,0.29411764705882354,-1,-1,-1
96,4472,96,1.2533554601172607,0,0.23809523809523808,-1,-1,-1
97,4521,97,0.9525024959817527,0,0.2777777777777778,1.0589745117002165,0,0.4
98,4562,98,1.545643835263327,0,0.21052631578947367,-1,-1,-1
99,4603,99,1.195699447095394,0,0.4117647058823529,-1,-1,-1
100,4652,100,1.3121740981199157,0,0.2777777777777778,-1,-1,-1
101,4693,101,1.2525252117961647,0,0.13333333333333333,-1,-1,-1
102,4742,102,1.3122219561288753,0,0.3,-1,-1,-1
103,4791,103,0.7364884748278806,0,0.6666666666666666,-1,-1,-1
104,4832,104,1.2948539443314075,0,0.3888888888888889,-1,-1,-1
105,4881,105,1.1845507118230065,0,0.4090909090909091,0.8275699793640524,0,0.5882352941176471
106,4930,106,1.1367585330187768,0,0.3333333333333333,-1,-1,-1
107,4971,107,1.4588510128972123,0,0.125,-1,-1,-1
108,5020,108,1.1422420773034294,0,0.25,-1,-1,-1
109,5069,109,1.2534852667401233,0,0.2857142857142857,-1,-1,-1
110,5110,110,1.3960105703771115,0,0.3333333333333333,-1,-1,-1
111,5151,111,1.5000327120721342,0,0.11764705882352941,-1,-1,-1
112,5200,112,1.443459690486391,0,0.3333333333333333,-1,-1,-1
113,5241,113,1.2752495084889235,0,0.4,0.921500983259951,0,0.4444444444444444
114,5290,114,1.208266400701056,0,0.3157894736842105,-1,-1,-1
115,5339,115,0.997746977303177,0,0.5,-1,-1,-1
116,5380,116,1.5667697786539794,0,0.058823529411764705,-1,-1,-1
117,5421,117,1.0971814706176521,0,0.35294117647058826,-1,-1,-1
118,5470,118,1.4019399663278211,0,0.3333333333333333,-1,-1,-1
119,5519,119,1.0714675546934207,0,0.3684210526315789,-1,-1,-1
120,5560,120,1.646751966699958,0,0.3,-1,-1,-1
121,5609,121,1.2307058626785874,0,0.5217391304347826,0.8841079289248834,0,0.5
122,5650,122,1.3773704754561187,0,0.2222222222222222,-1,-1,-1
123,5699,123,1.0867560017233093,0,0.42857142857142855,-1,-1,-1
124,5740,124,1.4091080693900586,0,0.23529411764705882,-1,-1,-1
125,5789,125,1.1080843452053764,0,0.42857142857142855,-1,-1,-1
126,5830,126,1.0529809494386428,0,0.35294117647058826,-1,-1,-1
127,5879,127,1.1307428952461729,0,0.4,-1,-1,-1
128,5928,128,0.8976132689664761,0,0.5,-1,-1,-1
129,5977,129,0.9546708915072182,0,0.47368421052631576,0.8981878120752906,0,0.4117647058823529
130,6018,130,1.2918755611777308,0,0.25,-1,-1,-1
131,6059,131,1.4074312965758147,0,0.25,-1,-1,-1
132,6108,132,1.1206781436378757,0,0.2777777777777778,-1,-1,-1
133,6157,133,1.0676551029086112,0,0.38095238095238093,-1,-1,-1
134,6206,134,1.2645623040695986,0,0.35,-1,-1,-1
135,6255,135,1.3188066196938355,0,0.11764705882352941,-1,-1,-1
136,6304,136,1.1149105741952856,0,0.4,-1,-1,-1
137,6345,137,1.1084465581923724,0,0.29411764705882354,0.9376633275533095,0,0.47368421052631576
138,6394,138,1.1030542775988579,0,0.47619047619047616,-1,-1,-1
139,6443,139,1.1453352246433497,0,0.3684210526315789,-1,-1,-1
140,6492,140,1.0071343119838274,0,0.4,-1,-1,-1
141,6533,141,1.1953533345460892,0,0.23529411764705882,-1,-1,-1
142,6574,142,1.401759463660419,0,0.25,-1,-1,-1
143,6623,143,0.9274524578203757,0,0.47368421052631576,-1,-1,-1
144,6672,144,1.20844686118265,0,0.5,-1,-1,-1
145,6721,145,1.129137245658785,0,0.5,1.1319746667332946,0,0.35294117647058826
146,6770,146,1.2864051797427236,0,0.21052631578947367,-1,-1,-1
147,6811,147,0.9185032545216381,0,0.6111111111111112,-1,-1,-1
148,6860,148,1.2181521825569992,0,0.3888888888888889,-1,-1,-1
149,6909,149,1.2142645596060904,0,0.25,-1,-1,-1
150,6950,150,1.2774532632716,0,0.45,-1,-1,-1
151,6999,151,1.186462947772816,0,0.2631578947368421,-1,-1,-1
152,7048,152,1.222058605030179,0,0.16666666666666666,-1,-1,-1
153,7097,153,1.108989786170423,0,0.4166666666666667,0.9154091279953717,0,0.2631578947368421
154,7146,154,1.3623505520711963,0,0.36363636363636365,-1,-1,-1
155,7195,155,0.902434533573493,0,0.6363636363636364,-1,-1,-1
156,7244,156,1.0045812126249074,0,0.35294117647058826,-1,-1,-1
157,7285,157,1.605412861853838,0,0.058823529411764705,-1,-1,-1
158,7334,158,0.9523367209360002,0,0.47619047619047616,-1,-1,-1
159,7383,159,1.1226103244970242,0,0.47619047619047616,-1,-1,-1
160,7432,160,0.9767768178872454,0,0.5,-1,-1,-1
161,7473,161,1.5053159128129483,0,0.2777777777777778,1.266551252861973,0,0.3333333333333333
162,7522,162,1.2525413094709317,0,0.16666666666666666,-1,-1,-1
163,7563,163,1.1638350934535264,0,0.3888888888888889,-1,-1,-1
164,7612,164,1.5086183185378712,0,0.19047619047619047,-1,-1,-1
165,7661,165,1.1177569339672724,0,0.29411764705882354,-1,-1,-1
166,7710,166,1.2258893840635814,0,0.36363636363636365,-1,-1,-1
167,7751,167,1.2977941651642324,0,0.3684210526315789,-1,-1,-1
168,7800,168,1.220526497531682,0,0.35,-1,-1,-1
169,7849,169,0.9841630919526021,0,0.35294117647058826,1.2513485633581878,0,0.3684210526315789
170,7898,170,1.0551882840848217,0,0.47619047619047616,-1,-1,-1
171,7947,171,1.2527775845179954,0,0.2777777777777778,-1,-1,-1
172,7988,172,1.2158908684551717,0,0.4117647058823529,-1,-1,-1
173,8029,173,1.4145580962300301,0,0.2777777777777778,-1,-1,-1
174,8070,174,1.6760753434151412,0,0.3684210526315789,-1,-1,-1
175,8111,175,1.0806997518613934,0,0.3125,-1,-1,-1
176,8160,176,1.2340911104382637,0,0.3181818181818182,-1,-1,-1
177,8209,177,1.281436999530221,0,0.2222222222222222,1.1893571653217077,0,0.29411764705882354
178,8258,178,1.2853497866541148,0,0.3181818181818182,-1,-1,-1
179,8307,179,0.9357245250605049,0,0.5263157894736842,-1,-1,-1
180,8356,180,1.2814511730646094,0,0.38095238095238093,-1,-1,-1
181,8405,181,0.9451541766989975,0,0.47368421052631576,-1,-1,-1
182,8454,182,1.2606420538698633,0,0.35,-1,-1,-1
183,8503,183,1.085903984804948,0,0.3684210526315789,-1,-1,-1
184,8552,184,1.0003279554347198,0,0.5714285714285714,-1,-1,-1
185,8601,185,1.227382531777645,0,0.2222222222222222,1.0997105470548072,0,0.42105263157894735
186,8642,186,1.4073279397562146,0,0.3333333333333333,-1,-1,-1
187,8683,187,1.3500134674087167,0,0.3157894736842105,-1,-1,-1
188,8732,188,0.9683944378669064,0,0.375,-1,-1,-1
189,8773,189,1.6198422061651947,0,0.05555555555555555,-1,-1,-1
190,8822,190,1.2080623770443102,0,0.29411764705882354,-1,-1,-1
191,8871,191,1.2017868153750895,0,0.17647058823529413,-1,-1,-1
192,8920,192,1.1107269438604512,0,0.2222222222222222,-1,-1,-1
193,8969,193,1.3313574974735578,0,0.05,0.89445970649831,0,0.5263157894736842
194,9018,194,0.9405793063342571,0,0.3888888888888889,-1,-1,-1
195,9067,195,1.0145106961950658,0,0.4,-1,-1,-1
196,9116,196,1.1572779290688535,0,0.3684210526315789,-1,-1,-1
197,9165,197,1.0600244204824167,0,0.5,-1,-1,-1
198,9214,198,1.1064949185897905,0,0.125,-1,-1,-1
199,9263,199,0.9044573133811353,0,0.2222222222222222,-1,-1,-1
200,9312,200,1.1366998380670945,0,0.3157894736842105,-1,-1,-1
201,9361,201,0.9135847138861815,0,0.1875,0.9954600818105972,0,0.5
202,9402,202,0.8705684428941458,0,0.5,-1,-1,-1
203,9443,203,1.071056431159377,0,0.47058823529411764,-1,-1,-1
204,9492,204,0.8272447625485558,0,0.4666666666666667,-1,-1,-1
205,9541,205,1.0262116023960213,0,0.2631578947368421,-1,-1,-1
206,9590,206,0.6544040776284722,0,0.7142857142857143,-1,-1,-1
207,9639,207,0.7902765578900773,0,0.6190476190476191,-1,-1,-1
208,9688,208,0.8623252389874931,0,0.5294117647058824,-1,-1,-1
209,9737,209,0.9546044034796068,0,0.5,1.289619344480646,0,0.15
210,9786,210,0.7171613583341241,0,0.47058823529411764,-1,-1,-1
211,9827,211,0.7320913915336132,0,0.5625,-1,-1,-1
212,9876,212,0.7999919176383021,0,0.5555555555555556,-1,-1,-1
213,9917,213,0.9278371160477401,0,0.4375,-1,-1,-1
214,9966,214,0.6363903845039507,0,0.5,-1,-1,-1
215,10007,215,0.7684428991982714,0,0.7058823529411765,-1,-1,-1
216,10048,216,0.8170574057847262,0,0.4117647058823529,-1,-1,-1
217,10097,217,0.6024226908843653,0,0.7,1.0629701786053678,0,0.45
218,10146,218,0.9830633010870466,0,0.4444444444444444,-1,-1,-1
219,10195,219,1.2581714131170882,0,0.3333333333333333,-1,-1,-1
220,10244,220,0.7239295258036387,0,0.5789473684210527,-1,-1,-1
221,10293,221,1.124807164785064,0,0.38095238095238093,-1,-1,-1
222,10342,222,0.620540645273771,0,0.6842105263157895,-1,-1,-1
223,10391,223,0.590996779432559,0,0.7058823529411765,-1,-1,-1
224,10440,224,1.125732340036969,0,0.3888888888888889,-1,-1,-1
225,10489,225,0.618503365595825,0,0.6842105263157895,0.9039824803670247,0,0.55
226,10538,226,0.860977894422831,0,0.45,-1,-1,-1
227,10579,227,0.5381117626372726,0,0.8666666666666667,-1,-1,-1
228,10620,228,0.9766852075979113,0,0.35294117647058826,-1,-1,-1
229,10669,229,1.076424591957281,0,0.3,-1,-1,-1
230,10710,230,0.7482911829487421,0,0.7058823529411765,-1,-1,-1
231,10751,231,0.7692243564734236,0,0.7777777777777778,-1,-1,-1
232,10800,232,0.5930842222684684,0,0.7727272727272727,-1,-1,-1
233,10849,233,0.8427943013259209,0,0.4444444444444444,1.2611311002324024,0,0.35
234,10890,234,1.00851796772331,0,0.4117647058823529,-1,-1,-1
235,10939,235,0.9504757044468228,0,0.6190476190476191,-1,-1,-1
236,10980,236,0.9418393462290988,0,0.4444444444444444,-1,-1,-1
237,11029,237,1.0205636734453338,0,0.45454545454545453,-1,-1,-1
238,11078,238,1.27924084943564,0,0.25,-1,-1,-1
239,11127,239,0.7961852006536596,0,0.45,-1,-1,-1
240,11176,240,0.6104901811107992,0,0.6666666666666666,-1,-1,-1
241,11225,241,0.5097115808399394,0,0.6666666666666666,1.0100610572285953,0,0.4375
242,11274,242,1.0256179131780905,0,0.4,-1,-1,-1
243,11323,243,0.7538679856962214,0,0.5714285714285714,-1,-1,-1
244,11372,244,0.8209070187682906,0,0.3888888888888889,-1,-1,-1
245,11413,245,0.8792895668651909,0,0.3333333333333333,-1,-1,-1
246,11454,246,1.4061181605979802,0,0.3157894736842105,-1,-1,-1
247,11503,247,0.6543264659897734,0,0.7083333333333334,-1,-1,-1
248,11544,248,1.08760275288485,0,0.35294117647058826,-1,-1,-1
249,11593,249,0.6095692735786239,0,0.6111111111111112,0.4097395927526426,0,0.8235294117647058
250,11642,250,0.6442948459492375,0,0.7272727272727273,-1,-1,-1
251,11683,251,0.652385271554813,0,0.7222222222222222,-1,-1,-1
252,11732,252,1.0185544308585426,0,0.5416666666666666,-1,-1,-1
253,11773,253,0.7140002378448845,0,0.75,-1,-1,-1
254,11814,254,0.81441152285086,0,0.5555555555555556,-1,-1,-1
255,11863,255,0.830748263715456,0,0.45,-1,-1,-1
256,11912,256,0.7956481716382161,0,0.47058823529411764,-1,-1,-1
257,11961,257,0.7293063645794367,0,0.6363636363636364,1.2518327202496586,0,0.3333333333333333
258,12010,258,0.3752604959387099,0,0.9444444444444444,-1,-1,-1
259,12059,259,0.6705509690034281,0,0.6875,-1,-1,-1
260,12100,260,1.3819548936188222,0,0.21052631578947367,-1,-1,-1
261,12149,261,0.6018932194128865,0,0.7619047619047619,-1,-1,-1
262,12190,262,0.6840796860540286,0,0.5882352941176471,-1,-1,-1
263,12239,263,0.8783861098287162,0,0.42105263157894735,-1,-1,-1
264,12288,264,0.7542925154033583,0,0.5714285714285714,-1,-1,-1
265,12337,265,0.6769961982965469,0,0.65,0.9473140701651573,0,0.47368421052631576
266,12386,266,0.6253474609227851,0,0.631578947368421,-1,-1,-1
267,12435,267,0.3997308608716897,0,0.8636363636363636,-1,-1,-1
268,12484,268,0.5533074050200716,0,0.6666666666666666,-1,-1,-1
269,12525,269,0.7712455455553391,0,0.7222222222222222,-1,-1,-1
270,12574,270,0.876595778693445,0,0.5652173913043478,-1,-1,-1
271,12623,271,0.41757803954145256,0,0.6842105263157895,-1,-1,-1
272,12664,272,0.5598972331453116,0,0.6470588235294118,-1,-1,-1
273,12713,273,0.3047103187226943,0,0.8571428571428571,0.7778869382618723,0,0.6190476190476191
274,12762,274,0.5222100374601722,0,0.8,-1,-1,-1
275,12803,275,0.9809899453446269,0,0.5263157894736842,-1,-1,-1
276,12844,276,0.8097207388840616,0,0.5294117647058824,-1,-1,-1
277,12893,277,0.682100401353091,0,0.5882352941176471,-1,-1,-1
278,12942,278,0.926117172455027,0,0.47368421052631576,-1,-1,-1
279,12991,279,0.8232116500063663,0,0.5294117647058824,-1,-1,-1
280,13032,280,0.6528910406563955,0,0.5294117647058824,-1,-1,-1
281,13081,281,1.186645370341527,0,0.42105263157894735,0.8564177267672495,0,0.6
282,13130,282,0.7979288562045742,0,0.4,-1,-1,-1
283,13171,283,1.0208604510023727,0,0.4375,-1,-1,-1
284,13220,284,0.83149421996665,0,0.6,-1,-1,-1
285,13269,285,0.715788982498149,0,0.631578947368421,-1,-1,-1
286,13318,286,0.8838263398657242,0,0.5263157894736842,-1,-1,-1
287,13367,287,0.9461166102468269,0,0.4090909090909091,-1,-1,-1
288,13408,288,0.8465478071384132,0,0.5333333333333333,-1,-1,-1
289,13457,289,0.9522279701777734,0,0.47368421052631576,0.6760621106096854,0,0.6666666666666666
290,13506,290,0.8752091047531092,0,0.5238095238095238,-1,-1,-1
291,13555,291,0.6407821073546074,0,0.6666666666666666,-1,-1,-1
292,13604,292,0.6878296533832327,0,0.5714285714285714,-1,-1,-1
293,13645,293,1.0467823488172143,0,0.47058823529411764,-1,-1,-1
294,13694,294,0.7509944504747788,0,0.6363636363636364,-1,-1,-1
295,13743,295,0.842002925389291,0,0.6190476190476191,-1,-1,-1
296,13792,296,0.6727740788677086,0,0.5,-1,-1,-1
297,13833,297,0.9982739143865182,0,0.5789473684210527,0.20658310019935014,1,1
298,13882,298,0.8710085238039027,0,0.6,-1,-1,-1
299,13923,299,0.852873837944353,0,0.6,-1,-1,-1
300,13972,300,0.7009371547313699,0,0.7,-1,-1,-1
301,14021,301,0.9058728466974572,0,0.6,-1,-1,-1
302,14070,302,0.6624227915109562,0,0.55,-1,-1,-1
303,14119,303,0.8617377502285912,0,0.5555555555555556,-1,-1,-1
304,14168,304,0.8482649340784214,0,0.5,-1,-1,-1
305,14217,305,0.787647749398214,0,0.5555555555555556,0.2836335512261333,0,0.8947368421052632
306,14266,306,0.45850139334215784,0,0.7777777777777778,-1,-1,-1
307,14315,307,1.027969585059812,0,0.4444444444444444,-1,-1,-1
308,14356,308,0.8681741026221426,0,0.6842105263157895,-1,-1,-1
309,14397,309,1.097456518560648,0,0.3333333333333333,-1,-1,-1
310,14446,310,0.7680255877397333,0,0.3888888888888889,-1,-1,-1
311,14495,311,0.6756631870598842,0,0.5263157894736842,-1,-1,-1
312,14536,312,1.0294174183160067,0,0.45,-1,-1,-1
313,14585,313,0.8020270284847355,0,0.5789473684210527,0.8226858703233302,0,0.47058823529411764
314,14634,314,0.7013580071251151,0,0.6363636363636364,-1,-1,-1
315,14683,315,0.762425263794527,0,0.6818181818181818,-1,-1,-1
316,14732,316,0.6322710373870601,0,0.6,-1,-1,-1
317,14781,317,0.6207878488465212,0,0.7142857142857143,-1,-1,-1
318,14830,318,0.6555950213049072,0,0.55,-1,-1,-1
319,14879,319,0.819509418841335,0,0.6666666666666666,-1,-1,-1
320,14928,320,0.933086507965345,0,0.3157894736842105,-1,-1,-1
321,14969,321,0.6057275819170173,0,0.7058823529411765,0.6041189236488813,0,0.6842105263157895
322,15010,322,0.8148903284105473,0,0.6666666666666666,-1,-1,-1
323,15059,323,0.7376797717413864,0,0.5714285714285714,-1,-1,-1
324,15108,324,0.5208749203729287,0,0.7368421052631579,-1,-1,-1
325,15149,325,0.5033864658293896,0,0.7058823529411765,-1,-1,-1
326,15198,326,0.8037184233078734,0,0.55,-1,-1,-1
327,15247,327,0.8324856569680075,0,0.5714285714285714,-1,-1,-1
328,15296,328,0.7487441065107607,0,0.6,-1,-1,-1
329,15337,329,0.8547220225818457,0,0.4117647058823529,0.7185802430392263,0,0.6111111111111112
330,15378,330,0.6534203874971718,0,0.6470588235294118,-1,-1,-1
331,15419,331,0.972415230718034,0,0.5294117647058824,-1,-1,-1
332,15468,332,0.5536184771811955,0,0.7391304347826086,-1,-1,-1
333,15517,333,0.746085698597623,0,0.47619047619047616,-1,-1,-1
334,15566,334,0.8286367950505034,0,0.5263157894736842,-1,-1,-1
335,15615,335,0.6883634470024844,0,0.7391304347826086,-1,-1,-1
336,15664,336,0.6768557519341508,0,0.631578947368421,-1,-1,-1
337,15705,337,0.9173158430308105,0,0.35294117647058826,0.34959509573236575,0,0.8888888888888888
338,15746,338,0.5839743571236614,0,0.7368421052631579,-1,-1,-1
339,15795,339,0.5479996697453317,0,0.7,-1,-1,-1
340,15844,340,0.6652720172132831,0,0.75,-1,-1,-1
341,15885,341,0.8535635067499243,0,0.5,-1,-1,-1
342,15926,342,0.6972200211230666,0,0.6666666666666666,-1,-1,-1
343,15967,343,0.7042725457772758,0,0.6111111111111112,-1,-1,-1
344,16016,344,0.64909148774265,0,0.6190476190476191,-1,-1,-1
345,16057,345,0.7582250539172675,0,0.5333333333333333,0.6171447341039311,0,0.7
346,16098,346,0.9971816926077008,0,0.5,-1,-1,-1
347,16147,347,0.668681397063968,0,0.6842105263157895,-1,-1,-1
348,16196,348,0.9703139091647852,0,0.45,-1,-1,-1
349,16245,349,0.518214531194341,0,0.7222222222222222,-1,-1,-1
350,16294,350,0.49744444730070736,0,0.7619047619047619,-1,-1,-1
351,16343,351,1.02886764635914,0,0.45,-1,-1,-1
352,16392,352,0.4281225831694125,0,0.8333333333333334,-1,-1,-1
353,16441,353,0.6919821439202982,0,0.6111111111111112,0.5368426589248703,0,0.7222222222222222
354,16490,354,0.5769566753605129,0,0.7,-1,-1,-1
355,16531,355,0.745694230189547,0,0.6842105263157895,-1,-1,-1
356,16572,356,0.9451974887121468,0,0.5625,-1,-1,-1
357,16613,357,0.8922525388870417,0,0.5625,-1,-1,-1
358,16662,358,0.74189575156585,0,0.6818181818181818,-1,-1,-1
359,16703,359,0.8070693870447576,0,0.6111111111111112,-1,-1,-1
360,16752,360,0.6982137609544831,0,0.5714285714285714,-1,-1,-1
361,16801,361,0.7250361047374705,0,0.55,0.8763246240839364,0,0.5555555555555556
362,16850,362,0.71889980040966,0,0.6190476190476191,-1,-1,-1
363,16899,363,0.6396420798169856,0,0.6818181818181818,-1,-1,-1
364,16940,364,0.5339888258022256,0,0.7222222222222222,-1,-1,-1
365,16989,365,0.4959731805586974,0,0.8421052631578947,-1,-1,-1
366,17038,366,0.7754192561580566,0,0.6363636363636364,-1,-1,-1
367,17079,367,1.1895203444693472,0,0.3333333333333333,-1,-1,-1
368,17128,368,0.9454110619068766,0,0.2631578947368421,-1,-1,-1
369,17169,369,0.5478188346070237,0,0.7333333333333333,0.8404507165774704,0,0.6666666666666666
370,17218,370,0.7275332533909629,0,0.3888888888888889,-1,-1,-1
371,17267,371,0.6856582256451171,0,0.6190476190476191,-1,-1,-1
372,17308,372,0.842891375188483,0,0.6666666666666666,-1,-1,-1
373,17349,373,0.8567197132413276,0,0.4117647058823529,-1,-1,-1
374,17390,374,1.0012334316037597,0,0.6,-1,-1,-1
375,17439,375,0.8358133020694367,0,0.42105263157894735,-1,-1,-1
376,17488,376,0.6570850005514026,0,0.5789473684210527,-1,-1,-1
377,17537,377,1.1257022631072684,0,0.4117647058823529,0.49707297379500226,0,0.85
378,17586,378,0.7808418703746913,0,0.5555555555555556,-1,-1,-1
379,17627,379,1.2105985402141233,0,0.5789473684210527,-1,-1,-1
380,17668,380,0.47130347633967173,0,0.75,-1,-1,-1
381,17717,381,0.7976764122809981,0,0.6,-1,-1,-1
382,17758,382,0.3539575616363436,0,0.8333333333333334,-1,-1,-1
383,17807,383,0.9115031181621209,0,0.5909090909090909,-1,-1,-1
384,17856,384,0.8523376012123967,0,0.4444444444444444,-1,-1,-1
385,17897,385,0.5277327333725407,0,0.8888888888888888,0.7024921484146034,0,0.6842105263157895
386,17946,386,0.7353772299968112,0,0.5909090909090909,-1,-1,-1
387,17995,387,0.6077301621039319,0,0.5555555555555556,-1,-1,-1
388,18044,388,0.9400464688961315,0,0.5263157894736842,-1,-1,-1
389,18093,389,0.7737214598494271,0,0.5882352941176471,-1,-1,-1
390,18142,390,0.7744593566128364,0,0.47368421052631576,-1,-1,-1
391,18191,391,0.6749310469720513,0,0.6470588235294118,-1,-1,-1
392,18240,392,0.7302718139486386,0,0.631578947368421,-1,-1,-1
393,18289,393,0.4884247394526028,0,0.7894736842105263,0.9421130815627594,0,0.47368421052631576
394,18338,394,0.5987118720950093,0,0.6,-1,-1,-1
395,18387,395,0.6513603714023095,0,0.55,-1,-1,-1
396,18436,396,0.5095695520149699,0,0.7894736842105263,-1,-1,-1
397,18485,397,0.5420933803892694,0,0.5789473684210527,-1,-1,-1
398,18526,398,0.5668473727865785,0,0.7368421052631579,-1,-1,-1
399,18575,399,0.7413698323473605,0,0.6666666666666666,-1,-1,-1
400,18624,400,0.694073311885586,0,0.6842105263157895,-1,-1,-1
401,18665,401,0.6471002578805201,0,0.6875,0.8561547476740088,0,0.4444444444444444
402,18706,402,0.8735512545332313,0,0.5555555555555556,-1,-1,-1
